0, 0, 0
1615.99, -251.883, 
333.419, -7.36619, 
323.736, 3.00179, 
325.666, 14.7528, 
0, 0, 
4457.93, 2024.26, 
4432.57, 2199.44, 
4079.73, 2205.04, 
4698.87, 2750.62, 
4415.29, 2797.64, 
1752.79, 1221.62, 
1704.94, 1279.67, 
1624.73, 1309.09, 
1584.86, 1370.89, 
1547.42, 1435.9, 
1515.62, 1509.02, 
2793.91, 3916.91, 
1254.43, 3963.47, 
1684.44, 8087.19, 
1404.48, 8160.27, 
1081.36, 8044.14, 
799.715, 8074.49, 
521.099, 8154.87, 
108.701, 4194.84, 
-337.402, 8243.6, 
-625.5, 8234.78, 
-1158.42, 3899.05, 
-1299.04, 3871.89, 
-2613.55, 5252.72, 
-2884.94, 5327.24, 
-2870.2, 4881.76, 
-2695.32, 3919.43, 
-3104.79, 3903.26, 
-1458.06, 1685.64, 
-1561.57, 1682.84, 
-349.837, 300.609, 
-0, 0, 
-3061.96, 2174.01, 
-3055.04, 2013.71, 
-3035.18, 1850.87, 
-2431.93, 1362.82, 
-2453.12, 1264.29, 
-2471.7, 1159.14, 
-2488.74, 1063.63, 
-2499.46, 964.93, 
-2501.14, 867.319, 
-2503.57, 770.648, 
-3180.15, 746.082, 
-3168.87, 626.734, 
-3179.92, 514.324, 
-3174.96, 399.508, 
-3169.2, 285.109, 
-3223.95, 176.014, 
-3206.74, 69.9712, 
-369.767, -40.7002, 
-369.195, -54.8678, 
-370.762, -65.4797, 
-363.666, -79.4791, 
-350.64, -114.141, 
-3259.47, -976.144, 
-3263.44, -1102.83, 
-3101.02, -1299.37, 
-3289.4, -1513.17, 
-2932.87, -1609.03, 
-2627.21, -1565.94, 
-2552.5, -1643.79, 
-1975.37, -1834.02, 
-890.67, -1037.67, 
-832.846, -1045.27, 
-777.56, -1049.61, 
-725.85, -1056.12, 
-675.747, -1061.99, 
-623.278, -1060.1, 
-575.641, -1060.89, 
-529.968, -1066.59, 
-528.722, -1161.85, 
-518.271, -1247.37, 
-456.04, -1218.72, 
-410.486, -1216.88, 
-369.772, -1237.17, 
-357.292, -1360.1, 
-295.93, -1312.81, 
-243.34, -1287.46, 
-193.267, -1262.54, 
-155.098, -1319.67, 
-110.283, -1344.99, 
-15.2145, -1267.91, 
29.4188, -1268.91, 
72.2602, -1266.44, 
118.466, -1274, 
162.256, -1267.15, 
209.377, -1274.67, 
255.896, -1277.37, 
303.481, -1284.13, 
352.244, -1289.25, 
404.112, -1301.45, 
454.236, -1304.16, 
974.503, -1926.84, 
1245.21, -1938.22, 
1342.89, -1939.16, 
1460.32, -1960.06, 
1556.84, -1945.21, 
1694.34, -1975.07, 
1822.1, -1981.96, 
592.226, -574.722, 
586.052, -530.875, 
604.17, -509.773, 
631.863, -497.562, 
666.922, -487.331, 
732.359, -498.645, 
766.203, -484.9, 
810.107, -473.329, 
0, 0, 
4169.8, -1994.48, 
4178.05, -1819.38, 
4064.32, -1602.26, 
4053.44, -1436.64, 
0, 0, 0
1623.23, -258.91, 
1421.81, -172.609, 
333.342, -10.2755, 
325.992, 2.31145, 
325.344, 16.25, 
0, 0, 
4462.03, 2008.53, 
4269.36, 2102.52, 
4118.27, 2209.93, 
4439.48, 2582.54, 
4307.29, 2711.13, 
1774.79, 1227.63, 
1710.27, 1274.21, 
1644.1, 1317.32, 
1589.35, 1366.45, 
1552.66, 1431.34, 
1519.36, 1502.06, 
2806.08, 3909.12, 
2939.38, 5126.62, 
2766.97, 7634.55, 
1232.11, 3849.11, 
1427.7, 8148.88, 
1139, 8152.82, 
829.101, 8079.07, 
545.772, 8123.19, 
121.812, 4134.71, 
-308.184, 8244.99, 
-598.422, 8235.04, 
-1795.61, 8324.8, 
-1145.66, 3902.82, 
-1271.93, 3836.13, 
-2779.25, 6178.7, 
-2610.83, 5294.24, 
-2828.68, 5264.42, 
-2839.09, 4865.21, 
-2687.27, 3935.25, 
-3105.02, 3929.88, 
-1457.94, 1697.63, 
-1542.43, 1675, 
-333.516, 284.692, 
-0, 0, 
-3054.24, 2186.12, 
-3046.48, 2021.21, 
-3041.25, 1868.25, 
-2438.06, 1375.88, 
-2451.19, 1273.46, 
-2467.71, 1168.79, 
-2486, 1071.28, 
-2496.29, 973.105, 
-2498.76, 874.901, 
-2512.47, 781.645, 
-3167.46, 636.336, 
-3178.86, 523.942, 
-3175.1, 408.324, 
-3169, 295.548, 
-3192.56, 186.528, 
-3206.97, 81.352, 
-369.866, -39.7925, 
-369.468, -51.2064, 
-370.498, -65.5372, 
-370.523, -79.7082, 
0, -0, 
-3267.33, -1091.25, 
-3078.24, -1279.97, 
-3153.27, -1441.18, 
-2937.68, -1600.22, 
-2631.67, -1555.98, 
-2558.23, -1637.63, 
-1993.57, -1836.8, 
-894.281, -1037.86, 
-837.741, -1042.64, 
-780.556, -1047.08, 
-735.727, -1059.93, 
-678.39, -1059.11, 
-627.576, -1058.14, 
-581.049, -1063.92, 
-531.466, -1063.05, 
-528.349, -1151.86, 
-523.659, -1245.93, 
-462.343, -1224.36, 
-416.736, -1221.1, 
-374.663, -1237.53, 
-361.499, -1359.51, 
-300.113, -1311.35, 
-247.788, -1287.88, 
-195.98, -1268.7, 
-158.754, -1310.67, 
-115.31, -1343.31, 
-69.3377, -1358.48, 
-19.0353, -1246.35, 
25.2562, -1268.5, 
68.8605, -1267.63, 
115.014, -1274.57, 
159.675, -1271.77, 
204.172, -1268.93, 
250.969, -1278.09, 
300.043, -1283.65, 
347.763, -1289.43, 
399.986, -1301.94, 
449.803, -1305.17, 
967.52, -1928.68, 
1239.8, -1943.76, 
1335.8, -1941.33, 
1452.17, -1963.62, 
1549.46, -1950.13, 
1676.35, -1967.1, 
1805.22, -1974.37, 
585.988, -531.691, 
602.08, -512.24, 
628.227, -496.923, 
660.901, -487.926, 
731.063, -500.101, 
760.449, -484.168, 
803.985, -472.403, 
0, 0, 
4161.77, -2006, 
4103.64, -1802.97, 
4041.38, -1607.24, 
3993.09, -1428.75, 
0, 0, 0
1680.46, -274.621, 
333.105, -9.8136, 
325.996, 1.68914, 
322.593, 16.2008, 
0, 0, 
4466.12, 1995.75, 
4163.36, 2037.64, 
4420.97, 2555.66, 
4243.16, 2656.25, 
1791.06, 1227.37, 
1713.48, 1268.63, 
1647.72, 1313.59, 
1604.47, 1371.86, 
1556.72, 1428.03, 
1522.74, 1497.21, 
2816.73, 3901.46, 
2951.46, 5118.52, 
1218.75, 3782.5, 
1152.36, 8119.13, 
849.462, 8103.35, 
563.095, 8116.24, 
-292.453, 8245.82, 
-580.7, 8239.81, 
-1142.31, 3923.08, 
-2601.05, 5299.89, 
-2820.98, 5274.22, 
-2817.74, 4849.87, 
-2678.96, 3941.51, 
-3095.35, 3933.04, 
-1456.43, 1700.56, 
-1554.31, 1691.59, 
-1926.23, 1964.43, 
-324.577, 280.136, 
-0, 0, 
-3067.31, 2201.8, 
-3057.11, 2035.47, 
-3050.32, 1880.7, 
-2435.81, 1379.87, 
-2452.01, 1277.29, 
-2466.34, 1172.26, 
-2484.47, 1075.45, 
-2493.96, 977.686, 
-2497.56, 879.835, 
-2504.29, 784.348, 
-3167.33, 640.803, 
-3178.49, 529.224, 
-3174.18, 413.487, 
-3184.52, 301.376, 
-3177.93, 188.282, 
-3207.35, 85.7381, 
-3232.64, -26.4476, 
-369.952, -38.9855, 
-369.538, -50.7025, 
-370.429, -64.4837, 
-371.163, -76.6742, 
0, -0, 
-3267.22, -1089.23, 
-3080.91, -1276.15, 
-3186.4, -1451.08, 
-2939.42, -1595.98, 
-2633.37, -1553.11, 
-2560.89, -1634.41, 
-1993.15, -1835.41, 
-896.022, -1037.02, 
-838.368, -1043.42, 
-785.126, -1050.22, 
-734.579, -1059.51, 
-679.834, -1058.19, 
-627.67, -1058.96, 
-580.929, -1063.7, 
-532.224, -1062.39, 
-528.977, -1151.57, 
-526.907, -1252.7, 
-464.435, -1223.84, 
-416.15, -1221.56, 
-375.001, -1237.43, 
-362.917, -1358.87, 
-299.699, -1311.18, 
-248.234, -1288.3, 
-197.633, -1267.94, 
-158.814, -1311.17, 
-114.496, -1338.11, 
-69.7338, -1358.96, 
-18.0301, -1247.37, 
24.2136, -1268.27, 
69.8395, -1272.84, 
114.689, -1274.85, 
159.359, -1272.06, 
203.826, -1268.98, 
252.015, -1277.89, 
298.766, -1282.92, 
346.513, -1288.99, 
400.255, -1300.29, 
451.063, -1304.2, 
543.975, -1421.74, 
967.485, -1927.29, 
1239.95, -1945.16, 
1329.03, -1932.63, 
1451.9, -1961.01, 
1549.15, -1949.74, 
1676.52, -1967.29, 
1805.56, -1974.74, 
585.235, -533.633, 
603.247, -511.252, 
628.437, -496.254, 
661.102, -488.075, 
731.401, -499.162, 
761.452, -483.057, 
803.856, -472.622, 
0, 0, 
4165.89, -2003.79, 
4104.62, -1800.73, 
4042.54, -1607.7, 
3992.54, -1427.32, 
0, 0, 0
1662.82, -269.411, 
1286.13, -157.561, 
333.066, -11.0853, 
327.492, 2.23278, 
322.719, 13.473, 
0, 0, 
4461.38, 1996.55, 
4135.53, 2026.82, 
4153.35, 2218.56, 
4415.63, 2557.4, 
4282.69, 2682.62, 
1788.74, 1227.21, 
1713.64, 1270.92, 
1648.89, 1314.53, 
1603.54, 1374.1, 
1555.69, 1431, 
1522.17, 1499.92, 
2811.93, 3901.53, 
2929.81, 5090.6, 
2988.73, 5635.81, 
3034.51, 6230.3, 
2784.68, 7644.35, 
1237.95, 3845.66, 
1141.14, 8087.64, 
840.854, 8106.51, 
553.747, 8109.62, 
-301.457, 8245.74, 
-589.313, 8233.94, 
-1150.26, 3930.39, 
-1270.57, 3835.53, 
-2609.27, 5298.35, 
-2848.47, 5311.68, 
-2835.48, 4868.18, 
-2666.11, 3908.83, 
-3100.4, 3928.43, 
-1457.8, 1698.41, 
-1549.89, 1683.09, 
-331.263, 283.864, 
-0, 0, 
-3067.27, 2196.71, 
-3056.42, 2030.2, 
-3050.32, 1874.97, 
-2435.41, 1377.01, 
-2455.66, 1274.08, 
-2469.61, 1168.86, 
-2485.65, 1072.74, 
-2495.49, 975.147, 
-2498.76, 875.665, 
-2511.78, 782.182, 
-3170.82, 636.111, 
-3178.76, 523.034, 
-3176.48, 409.382, 
-3184.18, 296.964, 
-3192.16, 184.757, 
-3207.74, 80.4962, 
-370.056, -37.9764, 
-369.342, -52.113, 
-370.341, -64.9888, 
-370.126, -80.3623, 
0, -0, 
-3265.73, -1093.69, 
-3093.93, -1288.47, 
-3165.77, -1446.9, 
-2936.37, -1601.59, 
-2631.9, -1558.05, 
-2558.42, -1638.73, 
-2392.64, -1655, 
-1991.15, -1837.58, 
-894.324, -1038.49, 
-837.101, -1044.76, 
-782.66, -1050.5, 
-732.565, -1059.69, 
-678.968, -1058.74, 
-627.092, -1059.3, 
-579.478, -1064.49, 
-534.396, -1067.45, 
-528.766, -1152.76, 
-524.76, -1253.33, 
-462.009, -1224.49, 
-415.07, -1221.66, 
-371.553, -1238.2, 
-361.193, -1359.85, 
-298.213, -1311.27, 
-245.868, -1289.27, 
-196.173, -1267.66, 
-156.429, -1312.46, 
-112.608, -1346.3, 
-68.3671, -1368.79, 
-16.1749, -1261.9, 
26.6241, -1267.72, 
70.8391, -1272.03, 
116.729, -1274.16, 
161.91, -1267.2, 
206.409, -1269.58, 
252.711, -1277.75, 
300.865, -1282.43, 
350.027, -1288.04, 
401.097, -1299.25, 
452.048, -1303.6, 
970.937, -1925, 
1240.11, -1932.59, 
1343.48, -1944.53, 
1455.26, -1958.84, 
1554.4, -1946.51, 
1681.99, -1963.93, 
1821.87, -1983.87, 
586.438, -532.683, 
603.944, -510.429, 
629.174, -495.723, 
666.518, -487.036, 
732.217, -497.964, 
762.48, -482.835, 
809.675, -473.077, 
0, 0, 
4190.23, -2005.65, 
4095.75, -1615.94, 
4112.42, -1458.81, 
0, 0, 0
1619.6, -257.878, 
1421.76, -172.997, 
333.136, -8.72347, 
325.737, 2.9315, 
325.432, 14.3865, 
0, 0, 
4455.23, 2008.4, 
4376.6, 2159.78, 
4107.43, 2208.45, 
4487.04, 2615.13, 
4315.22, 2721.06, 
1765.23, 1223.87, 
1711.52, 1275.87, 
1635.94, 1311.51, 
1599.79, 1378.47, 
1559.49, 1442.37, 
1520.15, 1506.94, 
2798.47, 3907.51, 
2948.89, 5159.49, 
1246.43, 3915.92, 
1695, 8082.68, 
1411.25, 8146.41, 
1086.36, 8031.61, 
814.022, 8106.23, 
526.346, 8098.16, 
113.054, 4186.47, 
-328.638, 8249.71, 
-618.444, 8231.05, 
-1153.24, 3889.38, 
-1303.55, 3888.84, 
-2609.22, 5247.61, 
-2881.6, 5321.09, 
-2853.54, 4856.46, 
-2693.76, 3917.16, 
-3113.82, 3914.61, 
-1452.17, 1678.84, 
-1556.69, 1678.5, 
-350.949, 301.232, 
-0, 0, 
-3056.25, 2169.96, 
-3049.37, 2006.4, 
-3036.69, 1848.38, 
-2440.9, 1365.22, 
-2460.72, 1264.81, 
-2474.5, 1159.64, 
-2491.1, 1063.83, 
-2498.38, 962.166, 
-2501.37, 864.345, 
-2514.9, 770.382, 
-3179.99, 742.385, 
-3173.4, 623.135, 
-3180.65, 508.213, 
-3178.84, 394.713, 
-3161.62, 280.081, 
-3211.61, 172.705, 
-3207.33, 65.6089, 
-369.654, -41.7084, 
-369.314, -54.0622, 
-370.216, -65.6956, 
-360.893, -79.2857, 
-350.107, -115.766, 
-3258.53, -983.614, 
-3258.97, -1108.25, 
-3129.72, -1187.7, 
-3142.64, -1324.88, 
-3282.19, -1517.45, 
-2927.82, -1614.58, 
-2600.19, -1555.6, 
-2538.83, -1642.84, 
-1958.15, -1825.01, 
-886.499, -1040.25, 
-831.651, -1048.46, 
-774.653, -1049.28, 
-721.285, -1054.4, 
-670.662, -1057.81, 
-620.763, -1062.44, 
-572.781, -1066.69, 
-527.5, -1068.93, 
-528.218, -1170.04, 
-514.035, -1249.66, 
-452.237, -1221.74, 
-408.831, -1222.97, 
-364.92, -1239.39, 
-353.399, -1361.9, 
-290.743, -1308.08, 
-238.741, -1290.1, 
-188.101, -1263.32, 
-150.087, -1320.5, 
-107.855, -1346.94, 
-56.3235, -1290.02, 
-10.7596, -1272.7, 
32.8467, -1267.57, 
78.7543, -1270.56, 
123.701, -1273.76, 
167.125, -1266.77, 
214.839, -1275.28, 
261.121, -1278.1, 
308.03, -1281.5, 
356.83, -1286.69, 
408.681, -1297.4, 
461.48, -1307.71, 
618.166, -1437.74, 
980.716, -1920.88, 
1255.31, -1936.47, 
1358.69, -1944.92, 
1466.37, -1951.47, 
1576.34, -1954.23, 
1704.41, -1969.36, 
1842.33, -1985.4, 
589.22, -565.597, 
589.148, -529.309, 
606.357, -507.949, 
637.08, -494.949, 
677.676, -489.542, 
734.932, -494.844, 
770.714, -481.011, 
817.616, -472.348, 
0, 0, 
4179.18, -1972.42, 
4176.17, -1792.87, 
4106.43, -1596.9, 
0, 0, 0
1619.68, -249.292, 
332.904, -7.99066, 
323.711, 5.03228, 
396.997, 205.976, 
4325.77, 2162.64, 
4078.37, 2220.14, 
4342.51, 2561.12, 
4370.96, 2786.28, 
1749.32, 1227.02, 
1705.14, 1285.64, 
1627.04, 1319.76, 
1577.35, 1372.68, 
1551.72, 1447.79, 
1512.8, 1513.62, 
2720.12, 7668.08, 
1241.83, 3968.75, 
1652.75, 8089.64, 
1374.35, 8171.73, 
1050.38, 8046.23, 
770.469, 8094.16, 
488.762, 8136.83, 
93.121, 4214.97, 
-371.323, 8246.64, 
-660.003, 8214.28, 
-480.818, 4043.51, 
-1171.91, 3886.14, 
-1333.81, 3918.73, 
-2618.99, 5203.03, 
-2858.68, 5217.43, 
-2836.27, 4767.34, 
-2664.88, 3834.71, 
-1440.45, 1770.89, 
-1462, 1672.61, 
-1579.83, 1687.69, 
-355.44, 302.905, 
-0, 0, 
-3065, 2152.37, 
-3044.73, 1982, 
-2411.93, 1445.66, 
-2434.95, 1347.11, 
-2462.55, 1251.35, 
-2479.26, 1147.06, 
-2492.49, 1048.39, 
-2492.3, 946.579, 
-2504.4, 851.654, 
-2516.53, 758.138, 
-0, 0, 
-0, 0, 
-3175.85, 606.544, 
-3168.65, 491.24, 
-3178.5, 378.838, 
-3217.51, 269.122, 
-3212.92, 156.962, 
-3205.36, 49.8293, 
-377.525, -30.4371, 
-369.528, -42.8171, 
-369.678, -56.6925, 
-370.08, -67.8598, 
-360.388, -80.4118, 
-355.947, -121.152, 
-3252.26, -998.197, 
-3267.74, -1128.16, 
-3124.22, -1204.17, 
-3165.11, -1350.65, 
-3287.84, -1539.7, 
-3024.29, -1550.31, 
-2860.91, -1595.02, 
-2590.81, -1567.31, 
-2519.23, -1647.75, 
-1949.12, -1833.55, 
-881.591, -1043.11, 
-826.296, -1051.1, 
-768.19, -1053.09, 
-715.829, -1056.9, 
-662.649, -1057.25, 
-616.327, -1064.16, 
-565.948, -1064.39, 
-525.129, -1078.17, 
-532.008, -1190.54, 
-507.188, -1246.52, 
-445.433, -1218.64, 
-401.026, -1219.5, 
-362.757, -1248.36, 
-345.355, -1356.74, 
-285.644, -1315.6, 
-232.888, -1289.89, 
-181.849, -1261.46, 
-144.018, -1321.68, 
-100.469, -1347.01, 
-50.7101, -1281.75, 
-4.85446, -1271.49, 
38.761, -1268.66, 
84.2643, -1269.71, 
129.459, -1275.2, 
172.752, -1266.77, 
220.139, -1274.88, 
266.05, -1277.34, 
313.158, -1281.29, 
362.607, -1289.75, 
415.659, -1300.96, 
469.918, -1311.08, 
626.59, -1434.63, 
993.511, -1923.86, 
1084.37, -1936.29, 
1368.32, -1940.61, 
1474.95, -1946.25, 
1593.85, -1958.39, 
1713.28, -1963.32, 
1851.6, -1980.18, 
584.648, -556.632, 
591.983, -525.76, 
609.366, -505.12, 
638.419, -494.038, 
696.943, -500.862, 
739.457, -494.381, 
772.317, -479.382, 
826.226, -473.424, 
0, 0, 
4187.37, -1952.6, 
4134.45, -1754.97, 
4141.13, -1589.63, 
1621.06, -300.903, 
0, 0, 0
1615.49, -241.887, 
329.223, -4.21997, 
323.377, 8.90919, 
4481.74, 2262.05, 
4302.94, 2563.16, 
4557.21, 2933.05, 
1728.7, 1222.43, 
1677.43, 1276.27, 
1621.85, 1327.32, 
1571.91, 1379.29, 
1545.17, 1455.14, 
1519.26, 1532.58, 
3100.94, 5544.22, 
2693.02, 7691.42, 
1224.55, 3970.45, 
1622.88, 8112.52, 
1341.84, 8182.96, 
1022.95, 8076.22, 
735.675, 8078.82, 
457.68, 8178.2, 
75.883, 4215.57, 
-405.483, 8253.8, 
-692.408, 8224.15, 
-501.442, 4093.15, 
-1189.81, 3884.1, 
-2690.32, 6366.94, 
-2707.79, 5831.77, 
-2672.69, 5259.63, 
-2880, 5205.69, 
-2877.09, 4794.21, 
-2631.18, 3753.35, 
-1453.06, 1772.53, 
-1469.2, 1667.95, 
-1585.58, 1680.92, 
-378.427, 319.477, 
-0, 0, 
-3071.55, 2139.51, 
-3035.36, 1960.61, 
-2417.47, 1437.35, 
-2441.54, 1337.74, 
-2466.42, 1241.49, 
-2482.26, 1136.96, 
-2494.29, 1039.55, 
-2495.89, 937.057, 
-2506.21, 840.846, 
-2517.25, 747.884, 
-3168.98, 709.803, 
-3175.36, 595.686, 
-3172.96, 481.281, 
-3179.18, 366.614, 
-3202.07, 255.523, 
-3211.71, 145.492, 
-3206.77, 38.4803, 
-380.387, -32.2345, 
-369.469, -43.3209, 
-370.094, -55.6205, 
-369.415, -71.389, 
-360.188, -82.432, 
-352.787, -118.79, 
-3250.61, -1010.31, 
-3259.39, -1139.23, 
-3042.22, -1184.01, 
-3191.3, -1375.22, 
-3284.36, -1551.2, 
-3016.74, -1557.89, 
-2785.94, -1566.19, 
-2584.82, -1575.26, 
-2513.2, -1655.58, 
-2040.39, -1803.2, 
-1929.45, -1829.98, 
-876.995, -1046.32, 
-821.949, -1053.23, 
-764.153, -1054.79, 
-708.73, -1054.45, 
-659.078, -1058.6, 
-612.176, -1065.68, 
-560.598, -1064.11, 
-526.668, -1086.59, 
-531.427, -1200.65, 
-501.618, -1247.42, 
-442.023, -1219.62, 
-396.29, -1220.79, 
-358.945, -1250.5, 
-341.779, -1356.61, 
-280.874, -1316.11, 
-226.353, -1281.67, 
-177.806, -1255.22, 
-141.594, -1329.73, 
-95.7111, -1347.61, 
-42.8335, -1236.26, 
0.344498, -1263.25, 
43.6129, -1268.75, 
88.3668, -1268.68, 
133.953, -1274.48, 
177.312, -1266.65, 
223.049, -1275.14, 
269.236, -1276.92, 
319.214, -1287.78, 
366.328, -1289.47, 
418.573, -1300.29, 
474.427, -1312.38, 
565.715, -1420.23, 
629.037, -1433.84, 
1000.26, -1921.49, 
1090.67, -1933.9, 
1373.5, -1934.49, 
1480.17, -1943.22, 
1609.06, -1965.01, 
1731.41, -1971.04, 
1869.15, -1988.05, 
585.166, -554.998, 
593.513, -523.655, 
611.95, -502.773, 
640.026, -492.775, 
710.438, -508.213, 
740.534, -492.767, 
777.431, -477.286, 
834.946, -476.305, 
0, 0, 
4163.95, -1930.63, 
4121.47, -1737.53, 
4095.96, -1560.77, 
1635.89, -299.044, 
0, 0, 0
1624.06, -238.644, 
328.954, -5.47272, 
323.405, 7.85089, 
0, 0, 
4433.88, 2253.09, 
4410.09, 2641.67, 
4642.77, 3004.26, 
1717.16, 1222.72, 
1673.04, 1281.6, 
1618.54, 1329.78, 
1567.58, 1383.07, 
1534.91, 1451.81, 
1514.66, 1537.13, 
2961.55, 4916.7, 
3087.33, 5551.82, 
2676.76, 7705.56, 
1204.08, 3942.22, 
1307.57, 8098.37, 
998.739, 8061.37, 
716.263, 8085.34, 
437.566, 8178.55, 
64.6191, 4156.75, 
-425.495, 8248.03, 
-720.859, 8317.82, 
-520.48, 4163.85, 
-1203.78, 3903.08, 
-2716.64, 6395.16, 
-2584, 5525.66, 
-2653.11, 5193.01, 
-2856.29, 5139.65, 
-2868.04, 4758.52, 
-2657.5, 3773.36, 
-1458.04, 1769.73, 
-1490.73, 1684.96, 
-1581.21, 1667.16, 
-3086.6, 2480.03, 
-3050.55, 2279.25, 
-3056.32, 2120.25, 
-3041.42, 1953.96, 
-2430.11, 1438.59, 
-2443.43, 1332.72, 
-2458.83, 1230.96, 
-2484.34, 1133, 
-2493.96, 1033.83, 
-2497.23, 931.347, 
-2507.1, 836.585, 
-3168.24, 705.101, 
-3176.32, 587.8, 
-3174.99, 474.505, 
-3196.57, 364.203, 
-3223.92, 251.959, 
-3210.02, 138.398, 
-3206.34, 32.3536, 
-377.825, -32.8477, 
-369.215, -45.4361, 
-369.379, -58.6072, 
-369.493, -70.9859, 
-358.394, -81.3018, 
-357.631, -120.856, 
-3245.58, -1015.55, 
-3288.5, -1154.44, 
-3135.87, -1227.35, 
-3216.73, -1391.38, 
-3282.58, -1560.22, 
-3015.31, -1564.45, 
-2743.54, -1549.26, 
-2577.95, -1580.74, 
-2508.16, -1659.13, 
-2037.44, -1806.54, 
-1928, -1832.6, 
-874.766, -1046.56, 
-815.069, -1049.72, 
-761.845, -1055.84, 
-706.716, -1055.8, 
-657.056, -1059.85, 
-608.481, -1066.65, 
-559.611, -1064.35, 
-524.622, -1088.41, 
-531.982, -1207.23, 
-497.991, -1241.33, 
-437.692, -1220.12, 
-394.216, -1221.2, 
-361.219, -1266.24, 
-336.562, -1353.02, 
-278.461, -1315.35, 
-224.562, -1281.73, 
-173.629, -1255.3, 
-139.444, -1330.21, 
-93.5059, -1347.76, 
-41.879, -1248.05, 
2.41101, -1263, 
45.3607, -1269.19, 
90.4426, -1268.53, 
135.691, -1274.3, 
179.799, -1266.8, 
226.659, -1281.36, 
272.125, -1276.82, 
322.542, -1286.17, 
369.423, -1288.33, 
421.917, -1299.73, 
477.546, -1312.05, 
569.586, -1418.68, 
1004.51, -1920.68, 
1094.64, -1931.08, 
1377.86, -1931.69, 
1486.91, -1939.97, 
1613.76, -1963.09, 
1734.84, -1967.35, 
1874.2, -1983.64, 
586.584, -552.406, 
593.521, -522.512, 
613.296, -501.921, 
643.033, -490.082, 
714.812, -508.108, 
742.961, -490.009, 
778.247, -476.911, 
842.071, -477.938, 
0, 0, 
4166.93, -1918.22, 
4150.4, -1736.42, 
4075.18, -1540.14, 
1636.05, -295.385, 
0, 0, 0
1624.64, -234.657, 
328.24, -2.59595, 
323.403, 7.93909, 
0, 0, 
4429.9, 2264.76, 
4237.62, 2358.02, 
4365.9, 2629.78, 
4600.15, 2990.94, 
1699.69, 1214.48, 
1658.01, 1276.55, 
1614.37, 1335.23, 
1564.36, 1387.84, 
1531.64, 1457.44, 
1509.41, 1540.18, 
2986.73, 4986.15, 
3073.69, 5559.38, 
2974.15, 7741.61, 
2661.75, 7723.45, 
1194.98, 3947.07, 
1587.63, 8143.94, 
1288.59, 8107.23, 
979.338, 8048.64, 
696.739, 8090.81, 
414.272, 8160.24, 
-445.373, 8240.22, 
-744.274, 8324.04, 
-532.276, 4165.88, 
-1213.2, 3899.64, 
-1372.74, 3920.62, 
-2709.14, 6324.7, 
-2657.28, 5646.2, 
-2684.99, 5220.22, 
-2870.66, 5132.5, 
-2899.03, 4777.46, 
-2724.14, 3845.66, 
-1460.95, 1764.42, 
-1595.88, 1675.29, 
-3047.41, 2432.17, 
-3057.78, 2270.39, 
-3061.23, 2110.07, 
-3045.79, 1946.22, 
-2433.16, 1431.45, 
-2434.3, 1319.14, 
-2462.85, 1224.58, 
-2481.58, 1122.76, 
-2487.16, 1021.48, 
-2498.1, 924.695, 
-2508.2, 830.115, 
-3168.14, 695.112, 
-3170.06, 580.385, 
-3175.03, 465.664, 
-3197.8, 355.512, 
-3223.35, 243.072, 
-3208.88, 129.583, 
-3229.66, 23.7808, 
-367.845, -32.1823, 
-369.337, -44.429, 
-369.395, -58.5065, 
-371.241, -72.4772, 
-354.012, -84.6845, 
-357.234, -122.026, 
-3259.76, -1028.78, 
-3267.82, -1158.2, 
-3079.62, -1216.01, 
-3231.56, -1409.32, 
-3348.4, -1599.35, 
-3009.03, -1570.57, 
-2693.46, -1531.65, 
-2572.37, -1585.05, 
-2500.88, -1665.12, 
-2031.32, -1810.04, 
-1921.41, -1837.34, 
-871.681, -1047.5, 
-813.178, -1050.23, 
-758.38, -1057.1, 
-703.557, -1057.31, 
-650.465, -1056.28, 
-605.492, -1067.48, 
-554.508, -1061.66, 
-527.433, -1100.37, 
-533.652, -1215.51, 
-490.847, -1234.23, 
-435.86, -1220.24, 
-391.703, -1222.53, 
-364.445, -1288.19, 
-334.596, -1352.99, 
-274.464, -1310.57, 
-220.673, -1282.15, 
-170.547, -1255.72, 
-160.58, -1535.88, 
-91.2525, -1358.19, 
-38.1275, -1259.17, 
5.48468, -1256.99, 
49.4944, -1268.53, 
94.2289, -1268, 
138.791, -1273.71, 
183.289, -1266.56, 
229.931, -1279.5, 
276.873, -1281.94, 
324.006, -1286.06, 
372.441, -1288.24, 
425.772, -1299.53, 
483.504, -1319.45, 
573.148, -1418.59, 
638.722, -1437.76, 
1007.13, -1919.31, 
1099.22, -1929.34, 
1380.59, -1928.83, 
1496.86, -1945.25, 
1626, -1969.21, 
1739.21, -1965.82, 
1879.75, -1979.76, 
582.781, -547.327, 
594.233, -521.702, 
616.086, -503.643, 
643.832, -489.858, 
716.465, -506.64, 
744.046, -489.27, 
782.18, -478.148, 
859.571, -485.085, 
0, 0, 
4172.4, -1911.1, 
4059.86, -1525.49, 
1635.29, -291.106, 
0, 0, 0
1625.52, -232.069, 
328.219, -4.47568, 
323.13, 8.81418, 
0, 0, 
4428.81, 2271.82, 
4359.45, 2635.63, 
4569.9, 2980.14, 
1712.48, 1229.26, 
1657.55, 1278.36, 
1614.24, 1337.34, 
1562.65, 1390.9, 
1529.29, 1459.19, 
1519.17, 1552.68, 
2994.67, 5014.9, 
3066.11, 5563.56, 
2959.84, 7735.85, 
2647.16, 7715.25, 
1196.38, 3971.2, 
1586.6, 8186.16, 
1285.2, 8143.2, 
964.469, 8036.08, 
685.537, 8089.76, 
396.143, 7974.92, 
-457.134, 8249.09, 
-751.415, 8301.81, 
-538.405, 4168.62, 
-2730.25, 6354.82, 
-2662.26, 5640.81, 
-2678.76, 5194.18, 
-2874.91, 5126.96, 
-2915.28, 4795.38, 
-2702.4, 3808.36, 
-1456.33, 1753.96, 
-1487.83, 1668.81, 
-1590.22, 1664.8, 
-3027.5, 2412.23, 
-3058.24, 2265.56, 
-3060.85, 2104.89, 
-3047.7, 1942.77, 
-2433.86, 1428.29, 
-2446.74, 1322.43, 
-2465.64, 1221.78, 
-2482.57, 1119.95, 
-2487.34, 1018.39, 
-2497.47, 921.364, 
-2509.09, 826.616, 
-3189.36, 814.625, 
-3169.57, 690.898, 
-3170.02, 575.019, 
-3176.41, 461.442, 
-3197.13, 350.143, 
-3182.47, 236.499, 
-3211.56, 125.305, 
-3226.43, 21.1172, 
-367.569, -35.1906, 
-369.475, -45.3659, 
-369.186, -59.8157, 
-371.114, -71.8222, 
0, -0, 
-3259.31, -1033.52, 
-3280.45, -1166.71, 
-3202.54, -1400.82, 
-3329.11, -1597.95, 
-3004.46, -1574.45, 
-2692.46, -1535.94, 
-2569.79, -1587.33, 
-2482.56, -1658.79, 
-2019.78, -1805.69, 
-1899.77, -1821.62, 
-869.294, -1047.53, 
-809.719, -1052.27, 
-756.211, -1057.12, 
-702.277, -1057.26, 
-647.898, -1057.27, 
-600.511, -1061.4, 
-553.58, -1062.71, 
-526.255, -1101.77, 
-531.963, -1217.07, 
-487.357, -1234.27, 
-432.613, -1220.6, 
-390.188, -1223.54, 
-362.256, -1289.85, 
-331.834, -1352.9, 
-269.22, -1303.23, 
-220.154, -1281.22, 
-169.829, -1255.57, 
-158.537, -1536.59, 
-88.6759, -1358.61, 
-38.1502, -1259.92, 
6.85993, -1257.73, 
50.8982, -1268.98, 
95.939, -1267.62, 
140.82, -1272.98, 
184.397, -1266.9, 
231.542, -1278.45, 
278.97, -1281.49, 
327.304, -1287.29, 
376.584, -1288.08, 
427.778, -1299.66, 
485.288, -1319.86, 
575.27, -1418.27, 
1013.99, -1919.65, 
1393.8, -1940.57, 
1509.59, -1954.06, 
1629.38, -1966.74, 
1744.83, -1963.52, 
1884.04, -1976.71, 
584.271, -545.736, 
595.558, -520.569, 
617.434, -502.782, 
648.09, -490.036, 
716.873, -506.929, 
749.103, -491.134, 
787.457, -478.135, 
0, 0, 
0, 0, 
4184.71, -2086.42, 
4163.47, -1898.77, 
3977.52, -1485.9, 
1634.69, -287.321, 
0, 0, 0
1626.45, -229.035, 
328.227, -3.84911, 
323.122, 9.07854, 
0, 0, 
4371.62, 2254.55, 
4229.89, 2374.92, 
4315.52, 2620.33, 
4672.54, 3065.27, 
1698.23, 1224.66, 
1655.84, 1284.26, 
1612.28, 1341.66, 
1560.18, 1394.04, 
1527.14, 1464.32, 
1532.17, 1572.82, 
3052.44, 5571.07, 
2951.55, 6402.41, 
2938.09, 7735.84, 
2625.16, 7712.73, 
1261.08, 8149, 
945.851, 8047.86, 
665.946, 8094.65, 
377.783, 8001.59, 
-189.709, 8280.08, 
-477.235, 8245.45, 
-771.65, 8298.45, 
-548.863, 4169.03, 
-2745.78, 6343.22, 
-2611.1, 5493.54, 
-2697.41, 5195.51, 
-2947.12, 5222.31, 
-2896.13, 4734.74, 
-2747.48, 3849.61, 
-1461.42, 1749.39, 
-1492.26, 1665.53, 
-1593.09, 1659.63, 
-3021.59, 2392.74, 
-3064.21, 2257.07, 
-3051.72, 2086.38, 
-3050.03, 1932.57, 
-2428.58, 1414.53, 
-2450.39, 1314.06, 
-2467.39, 1214.28, 
-2485.01, 1112.09, 
-2488.81, 1009.49, 
-2500.22, 913.868, 
-2509.45, 819.912, 
-3192.27, 805.176, 
-3171.57, 680.469, 
-3158.69, 563.181, 
-3178.03, 451.946, 
-3193.2, 340.021, 
-3205.18, 227.641, 
-3211.42, 115.653, 
-3210.48, 12.2574, 
-369.091, -35.0316, 
-369.901, -47.9802, 
-368.904, -61.5266, 
-370.411, -74.0995, 
0, -0, 
-3270.96, -1048.02, 
-3277.65, -1176.79, 
-3158.89, -1262.27, 
-3177.65, -1403.38, 
-3250.71, -1572.33, 
-2998.18, -1583.69, 
-2688.05, -1544.14, 
-2584.12, -1606.91, 
-2464.5, -1657.44, 
-2015.16, -1813.46, 
-858.965, -1043.75, 
-807.117, -1053.64, 
-752.312, -1058.36, 
-695.923, -1055.17, 
-644.911, -1058.22, 
-597.814, -1064.07, 
-549.694, -1064.44, 
-526.624, -1112.67, 
-532.747, -1229.82, 
-479.855, -1227.01, 
-429.783, -1221.07, 
-386.482, -1225.76, 
-369.217, -1322.94, 
-323.955, -1344.52, 
-266.631, -1303.25, 
-214.788, -1281.37, 
-168.77, -1281.94, 
-128.653, -1332.3, 
-85.7116, -1358.8, 
-32.6459, -1259.83, 
11.7197, -1263.95, 
55.7207, -1268.28, 
99.4151, -1267.61, 
144.928, -1272.02, 
189.307, -1266.68, 
237.027, -1276.94, 
283.861, -1280.41, 
330.627, -1285.67, 
381.373, -1293.97, 
433.567, -1301.69, 
520.399, -1404.7, 
637.219, -1558.78, 
646.574, -1435.34, 
1019.81, -1917.98, 
1398.97, -1934.38, 
1516.06, -1950.31, 
1636.39, -1963.18, 
1762.87, -1971.88, 
1890.83, -1971.95, 
585.059, -543.79, 
598.106, -517.639, 
620.011, -500.397, 
651.621, -490.753, 
722.22, -505.411, 
752.191, -490.523, 
789.621, -475.038, 
0, 0, 
0, 0, 
4188.72, -2069.91, 
4171.37, -1883.17, 
4194.3, -1719.94, 
3982.76, -1471.79, 
0, 0, 0
1637.86, -283.735, 
1626.08, -222.654, 
328, 0.178896, 
323.077, 10.5764, 
0, 0, 
4254.58, 2032.18, 
4335.04, 2256.68, 
4224.83, 2588.98, 
4594.69, 3035.76, 
1723.61, 1252.28, 
1651.56, 1291.79, 
1606.2, 1347.76, 
1556.51, 1402.25, 
1523.2, 1470.94, 
2831.44, 3846.18, 
2903.96, 7747.65, 
1229.21, 8148.81, 
916.021, 8078.99, 
632.523, 8121.91, 
344.899, 8050.62, 
-223.368, 8271.48, 
-569.644, 4185.67, 
-2587.55, 5379.54, 
-2719.96, 5180.07, 
-2840.85, 4976.76, 
-2716.19, 3768.69, 
-1459.87, 1733.07, 
-1518.37, 1678.02, 
-3020.32, 2367.7, 
-3045.76, 2220.5, 
-3057.1, 2066.9, 
-3034.77, 1898.63, 
-2425.96, 1397.1, 
-2457.92, 1302.6, 
-2472.2, 1201.6, 
-2488.91, 1098.39, 
-2492.77, 997.666, 
-2494.33, 897.093, 
-2512.7, 805.831, 
-3173.23, 665.451, 
-3188.26, 552.32, 
-3182.19, 436.613, 
-3191.93, 323.169, 
-3204.76, 211.806, 
-3207.7, 99.7553, 
-3211.24, -7.00586, 
-368.813, -37.8488, 
-369.756, -49.0896, 
-370.197, -62.8842, 
-369.86, -75.564, 
0, -0, 
-3261.81, -1065.73, 
-3273.11, -1197.38, 
-3161.57, -1282.38, 
-3167.9, -1419.77, 
-3240.29, -1589.15, 
-2976.05, -1591.78, 
-2699.47, -1570.34, 
-2576.78, -1622.88, 
-2005.55, -1823.71, 
-849.157, -1043.37, 
-793.239, -1048.49, 
-743.512, -1056.93, 
-688.593, -1059.08, 
-638.454, -1061.25, 
-589.091, -1062.07, 
-539.154, -1060.29, 
-527.639, -1131.53, 
-534.124, -1250.72, 
-473.042, -1228.31, 
-423.109, -1224.46, 
-381.426, -1239.12, 
-368.085, -1348.67, 
-310.59, -1322.26, 
-256.204, -1295.41, 
-204.887, -1273.37, 
-164.891, -1310.42, 
-120.477, -1331.06, 
-76.0751, -1359.37, 
19.1192, -1274.61, 
61.97, -1268.49, 
108.14, -1267.9, 
151.894, -1271.46, 
196.059, -1266.92, 
244.778, -1275.98, 
290.419, -1280.22, 
338.876, -1284.29, 
390.403, -1292.06, 
441.336, -1300.14, 
643.642, -1549.11, 
960.261, -1937.88, 
1534.22, -1949.43, 
1662.64, -1967.26, 
1793.9, -1979.27, 
586.027, -537.583, 
601.11, -514.532, 
628.925, -501.671, 
657.496, -489.581, 
725.377, -501.749, 
759.725, -488.086, 
801.571, -475.997, 
0, 0, 
4188.36, -2037.15, 
4134.66, -1835.47, 
4043.12, -1627.12, 
3990.19, -1444.92, 
0, 0, 0
1640.89, -271.831, 
1327.84, -168.555, 
333.55, -11.5567, 
325.996, 1.51134, 
323.55, 11.3869, 
0, 0, 
4438.33, 1970.27, 
4202.97, 2044.25, 
4315.58, 2284.08, 
4248.47, 2643.48, 
4626.84, 3102.52, 
1708.74, 1258.64, 
1659.49, 1314.85, 
1610.49, 1369.42, 
1567.58, 1431.71, 
1511.48, 1480.48, 
2819.22, 3887.01, 
2916.12, 5035, 
2822.75, 7683.66, 
1748.96, 8108.52, 
1168.39, 8120.63, 
860.496, 8081.07, 
575.453, 8102.34, 
-568.74, 8230.12, 
-1256.13, 3826.87, 
-2593.51, 5299.13, 
-2825.58, 5296.71, 
-2819.79, 4862.55, 
-2609.35, 3845.85, 
-3074.54, 3915.38, 
-1461.38, 1709.17, 
-1541.43, 1680.34, 
-1885.28, 1924.76, 
-324.238, 277.078, 
-0, 0, 
-3059.19, 2197.24, 
-3045.05, 2031.04, 
-3046.83, 1879.69, 
-2433.32, 1380.21, 
-2452.77, 1278.53, 
-2466.47, 1173.14, 
-2493.98, 1081.18, 
-2493.26, 977.412, 
-2499.44, 881.264, 
-2507.87, 785.469, 
-3165.61, 640.456, 
-3172.57, 528.239, 
-3187.46, 416.1, 
-3175.06, 300.481, 
-3182.67, 188.563, 
-3206.13, 84.8304, 
-3226.89, -26.4005, 
-370.081, -40.122, 
-369.468, -51.2064, 
-369.849, -64.9023, 
-370.804, -78.3941, 
0, -0, 
-3253.4, -1085.61, 
-3072.01, -1273.45, 
-3186.91, -1452.36, 
-2939.87, -1598.3, 
-2633.6, -1555.18, 
-2564.44, -1637.67, 
-1992.29, -1835.61, 
-895.01, -1037.57, 
-841.398, -1048.36, 
-781.153, -1047.88, 
-734.579, -1059.51, 
-678.814, -1059.14, 
-628.273, -1060.63, 
-581.768, -1065.24, 
-532.849, -1062.92, 
-529.287, -1153.9, 
-525.05, -1254.02, 
-462.45, -1225.66, 
-416.691, -1225.34, 
-375.049, -1240.02, 
-361.206, -1361.4, 
-298.627, -1311.43, 
-247.886, -1292.19, 
-196.596, -1268.1, 
-157.024, -1314.4, 
-115.221, -1346.58, 
-69.0128, -1366.76, 
-17.7644, -1252.62, 
25.9174, -1266.98, 
69.9939, -1269.32, 
116.774, -1274.66, 
160.464, -1264.11, 
204.16, -1266.65, 
251.879, -1275.37, 
299.693, -1283.73, 
348.075, -1287.79, 
399.606, -1299.44, 
451.61, -1303.48, 
545.228, -1421.52, 
968.424, -1926.54, 
1243.39, -1942.36, 
1340.75, -1943.98, 
1453.74, -1959.03, 
1547.82, -1941.53, 
1682.87, -1967.12, 
1816.97, -1983.96, 
587.89, -535.173, 
604.847, -510.909, 
633.871, -500.264, 
670.828, -492.153, 
731.532, -498.082, 
765.752, -486.078, 
814.12, -476.866, 
0, 0, 
4169.62, -1997.19, 
4164.84, -1819.03, 
4057.69, -1604.76, 
4029.65, -1431.92, 
0, 0, 0
1625.81, -260.23, 
1332.96, -161.823, 
333.611, -9.64637, 
325.983, 3.28934, 
323.422, 14.5628, 
0, 0, 
4461.75, 2005.48, 
4237.29, 2086.73, 
4102.19, 2201.3, 
4433, 2578.77, 
4311.31, 2713.66, 
1773.35, 1226.64, 
1718.28, 1280.19, 
1651.12, 1322.95, 
1602.62, 1377.86, 
1551.72, 1431.26, 
1522.09, 1506.4, 
2802.58, 3904.25, 
2915.24, 5087.72, 
2560.07, 6386.49, 
1235.88, 3871.79, 
1717.18, 8144.19, 
1427.03, 8158.13, 
1099.82, 8048.45, 
820.945, 8086.44, 
536.494, 8083.97, 
116.785, 4156.61, 
-319.678, 8251.06, 
-608.361, 8247.34, 
-1155.72, 3913.41, 
-1292.72, 3881.12, 
-2827.48, 6263.09, 
-2618.71, 5288.39, 
-2851.65, 5286.41, 
-2851.59, 4868.33, 
-2661.77, 3884.24, 
-3094.65, 3901.42, 
-1468.5, 1702.39, 
-1548.06, 1675.6, 
-341.962, 291.74, 
-0, 0, 
-3065.91, 2183.11, 
-3052.97, 2015.93, 
-3045.32, 1861.61, 
-2439.03, 1368.55, 
-2457.19, 1268.93, 
-2472.15, 1163.47, 
-2485.74, 1065.55, 
-2496.54, 966.934, 
-2503.5, 869.667, 
-2507.75, 774.929, 
-3167.09, 744.84, 
-3169.02, 628.56, 
-3176.44, 515.537, 
-3173.61, 400.217, 
-3177.26, 287.581, 
-3223.85, 177.772, 
-3207.16, 73.4807, 
-369.756, -40.801, 
-369.184, -53.2207, 
-371.537, -65.4075, 
-364.541, -77.7973, 
0, -0, 
-3250.65, -1098.51, 
-3101.95, -1299.76, 
-3294.35, -1514.36, 
-2934.84, -1608.03, 
-2628.5, -1564.76, 
-2548.08, -1640.95, 
-1971.55, -1827.48, 
-893.112, -1040.52, 
-834.975, -1046.77, 
-777.709, -1049.81, 
-725.991, -1056.32, 
-675.923, -1060.99, 
-624.545, -1062.25, 
-574.96, -1062.4, 
-528.608, -1065.31, 
-529.563, -1162.02, 
-517.015, -1246.26, 
-455.234, -1220.62, 
-408.097, -1216.37, 
-369.76, -1240.83, 
-357.121, -1362.47, 
-295.462, -1312.4, 
-242.812, -1292.39, 
-192.641, -1267.7, 
-153.468, -1315.08, 
-110.772, -1346.45, 
-14.1605, -1266.42, 
29.7296, -1267.4, 
74.4495, -1268.32, 
120.227, -1274.09, 
162.909, -1264.05, 
209.053, -1272.69, 
256.546, -1275.2, 
303.893, -1282.74, 
351.651, -1287.08, 
403.651, -1298.72, 
455.138, -1303.31, 
974.61, -1923.14, 
1257.45, -1949.08, 
1347.53, -1940.2, 
1460.89, -1955.26, 
1563.62, -1947.14, 
1690.39, -1963.96, 
1831.75, -1987.01, 
590.635, -573.49, 
590.429, -531.624, 
606.899, -509.248, 
635.837, -498.168, 
673.575, -489.662, 
732.21, -497.084, 
768.341, -482.447, 
818.093, -477.995, 
0, 0, 
4178.21, -1987.31, 
4086.27, -1772.79, 
4060.42, -1593.05, 
4036.69, -1423.27, 
0, 0, 0
1617.12, -254.319, 
333.684, -6.64374, 
325.717, 4.61924, 
326.391, 15.3208, 
0, 0, 
4456.63, 2019.27, 
4403.08, 2181.82, 
4098.53, 2212.31, 
4754.87, 2778.17, 
4461.52, 2821.82, 
1761.05, 1225.95, 
1707.48, 1277.94, 
1638.94, 1320.54, 
1588.26, 1373.07, 
1556.45, 1442.71, 
1516.5, 1507.43, 
2806.79, 3930.44, 
2943.66, 5169.96, 
1251.76, 3947.54, 
1693.51, 8130.76, 
1405.73, 8154.22, 
1083.08, 8040.38, 
801.102, 8066.07, 
517.463, 8063.41, 
109.544, 4183.32, 
-337.883, 8255.34, 
-626.75, 8251.23, 
-1162.55, 3909.04, 
-1300.31, 3875.68, 
-2616.45, 5262.16, 
-2884.72, 5323.38, 
-2856.89, 4859.13, 
-2666.99, 3878.23, 
-3085.62, 3876.98, 
-1472.56, 1700.53, 
-1558.9, 1680.89, 
-350.456, 301.806, 
-0, 0, 
-3066.65, 2177.34, 
-3054.67, 2011.08, 
-3047.43, 1857.19, 
-2438.93, 1364.12, 
-2460.82, 1265.71, 
-2474.37, 1158.75, 
-2488.8, 1062.85, 
-2497.39, 963.349, 
-2505.39, 868.028, 
-2508.51, 769.92, 
-3189.32, 746.398, 
-3169.38, 624.141, 
-3178.62, 511.444, 
-3174.16, 395.89, 
-3154.99, 281.229, 
-3224.29, 174.269, 
-3206.01, 69.0806, 
-369.677, -41.5068, 
-369.184, -53.2207, 
-371.002, -66.9835, 
-361.696, -80.2895, 
-352.877, -116.148, 
-3272.29, -983.874, 
-3250.4, -1102.37, 
-3124.04, -1313.02, 
-3290.43, -1516.91, 
-2933.53, -1611.47, 
-2610.04, -1557.64, 
-2545.45, -1643.18, 
-1970.79, -1829.77, 
-891.652, -1043.41, 
-833.677, -1047.49, 
-777.274, -1049.83, 
-725.415, -1056.72, 
-674.518, -1060.7, 
-624.129, -1062.21, 
-574.789, -1062.77, 
-528.027, -1065.6, 
-528.929, -1162.31, 
-516.282, -1247.38, 
-456.653, -1220.36, 
-409.411, -1216.98, 
-370.436, -1240.63, 
-357.365, -1361.89, 
-294.801, -1312.81, 
-242.628, -1291.41, 
-190.455, -1267.27, 
-153.109, -1315.12, 
-108.916, -1346.35, 
-14.1549, -1265.92, 
30.7726, -1267.63, 
74.4641, -1268.57, 
120.18, -1273.59, 
165.01, -1264.03, 
209.4, -1272.64, 
256.645, -1275.69, 
303.893, -1282.74, 
352.704, -1286.79, 
404.787, -1298.63, 
455.931, -1303.3, 
975.248, -1923.1, 
1346.15, -1939.34, 
1460.81, -1956.26, 
1563.09, -1947.57, 
1691.53, -1965.29, 
1831.11, -1985.22, 
591.416, -572.684, 
589.622, -531.772, 
606.256, -510.402, 
635.898, -498.496, 
673.311, -490.874, 
731.868, -497.144, 
767.498, -484.255, 
818.658, -476.53, 
0, 0, 
4177.3, -1986.88, 
4085.83, -1771.27, 
4044.33, -1585.47, 
4020.03, -1418.63, 
0, 0, 0
1617.05, -254.76, 
333.425, -7.09341, 
325.447, 5.85826, 
326.181, 14.4196, 
0, 0, 
4454.31, 2015.3, 
4380.29, 2167.55, 
4138.74, 2232.56, 
4731.02, 2762.51, 
4376.37, 2767.96, 
1762.61, 1226.33, 
1707.28, 1277.79, 
1633.76, 1313.43, 
1596.96, 1379.83, 
1555.87, 1442.96, 
1528.08, 1518.12, 
2805.49, 3928.61, 
2934.96, 5148.15, 
1254.61, 3945.32, 
1697.4, 8116.15, 
1409.2, 8147.78, 
1085.59, 8025.91, 
807.576, 8064.16, 
521.199, 8052.9, 
111.919, 4186.75, 
-332.946, 8244.78, 
-622.531, 8255.31, 
-1158.57, 3907.35, 
-1298.6, 3877.58, 
-2616.8, 5266.46, 
-2896.69, 5352.44, 
-2852.98, 4858.53, 
-2667.99, 3884.22, 
-3085.68, 3881.4, 
-1483.43, 1715.92, 
-1557.36, 1681.98, 
-346.883, 296.757, 
-0, 0, 
-3064.22, 2176.87, 
-3054.15, 2015.51, 
-3044.15, 1856.33, 
-2436.64, 1367.2, 
-2457.34, 1266.46, 
-2473.42, 1160.77, 
-2488.91, 1064.5, 
-2496.34, 966.073, 
-2503.03, 868.739, 
-2507.9, 772.73, 
-3170.22, 744.662, 
-3167.22, 627.307, 
-3179.43, 514.244, 
-3175.71, 399.602, 
-3170.62, 286.108, 
-3223.8, 178.651, 
-3204.72, 70.8016, 
-369.44, -41.3781, 
-369.155, -53.4221, 
-370.497, -68.3541, 
-363.448, -80.4705, 
-350.012, -116.052, 
-3270.73, -979.515, 
-3252.55, -1099.15, 
-3104.94, -1301.02, 
-3292.81, -1514.74, 
-2934.41, -1607.79, 
-2626.14, -1564.33, 
-2548.5, -1641.22, 
-1981.5, -1837.7, 
-892.302, -1041.87, 
-835.546, -1046.32, 
-777.56, -1049.61, 
-726.713, -1055.52, 
-675.231, -1060.54, 
-624.292, -1061.82, 
-575.317, -1063.06, 
-528.899, -1065.17, 
-529.246, -1162.16, 
-518.271, -1247.37, 
-458.423, -1221.03, 
-410.738, -1216.53, 
-370.027, -1240.49, 
-358.045, -1361.46, 
-294.855, -1313.05, 
-243.943, -1290.65, 
-191.725, -1266.32, 
-154.185, -1314.99, 
-111.445, -1345.64, 
-14.8453, -1265.91, 
29.3956, -1267.91, 
73.0515, -1268.15, 
120.18, -1273.59, 
162.941, -1264.29, 
208.198, -1271.82, 
256.048, -1276.32, 
302.671, -1282.26, 
351.3, -1287.17, 
404.153, -1299.08, 
455.194, -1304.62, 
974.199, -1923.63, 
1252.51, -1949.58, 
1343.46, -1939.98, 
1458.53, -1957.65, 
1559.43, -1949.54, 
1690.04, -1967.89, 
1827.35, -1987.66, 
590.546, -574.657, 
589.001, -532.087, 
605.977, -510.732, 
634.945, -499.709, 
672.843, -491.94, 
731.932, -496.604, 
767.709, -484.389, 
817.185, -478.063, 
0, 0, 
4173.91, -1992.25, 
4074.76, -1605.09, 
3996.86, -1412.91, 
0, 0, 0
1617.27, -256.602, 
1448.17, -175.408, 
333.386, -8.73001, 
325.48, 3.63934, 
325.904, 15.0308, 
0, 0, 
4456.6, 2009.01, 
4379.06, 2161, 
4123.73, 2217.21, 
4343.04, 2736.94, 
1765.23, 1223.87, 
1708.77, 1274.55, 
1636.56, 1312.74, 
1599.4, 1376.61, 
1557.73, 1438.38, 
1528.14, 1514.86, 
2785.55, 3887.24, 
2912.69, 5092.93, 
2566.62, 6412.96, 
1241.43, 3892.85, 
1704.2, 8104.51, 
1417.36, 8142.06, 
1088.89, 8000.99, 
816.433, 8085.89, 
532.574, 8058.17, 
115.575, 4153.89, 
-319.455, 8245.31, 
-612.216, 8268.87, 
-1152.53, 3906.53, 
-1298.17, 3897.49, 
-2612.38, 5272, 
-2866.15, 5309.83, 
-2850.08, 4865.74, 
-2664.53, 3885.99, 
-3100.86, 3909.25, 
-1480.13, 1717.78, 
-1554.16, 1682.21, 
-340.706, 292.439, 
-0, 0, 
-3063.5, 2183.91, 
-3051.17, 2015.94, 
-3042.55, 1859.91, 
-2436.11, 1368.65, 
-2454.75, 1267.67, 
-2473.06, 1163.9, 
-2487.06, 1066.92, 
-2495.14, 966.392, 
-2503.73, 872.044, 
-2506.58, 775.317, 
-3171.31, 747.657, 
-3166.22, 629.8, 
-3177.78, 516.644, 
-3175.49, 401.334, 
-3169.81, 289.521, 
-3200.54, 178.238, 
-3206.41, 73.4635, 
-369.54, -40.4713, 
-369.285, -52.5159, 
-370.869, -64.8729, 
-365.001, -80.3967, 
0, -0, 
-3255.17, -1096.08, 
-3104.61, -1299.88, 
-3292.72, -1512.53, 
-2934.4, -1606.75, 
-2628.7, -1561.97, 
-2549.82, -1640.1, 
-1980.49, -1834.75, 
-892.382, -1040.81, 
-835.546, -1046.32, 
-778.579, -1049.79, 
-726.426, -1055.72, 
-677.369, -1060.06, 
-624.744, -1061.27, 
-576.714, -1062.87, 
-530.06, -1064.59, 
-529.776, -1161.65, 
-517.835, -1247.28, 
-457.179, -1221.76, 
-411.39, -1217.37, 
-370.222, -1239.91, 
-358.787, -1361.26, 
-296.591, -1312.4, 
-243.026, -1291.58, 
-193.068, -1265.86, 
-155.649, -1315.07, 
-111.404, -1345.14, 
-14.1549, -1265.92, 
28.3695, -1268.43, 
73.3685, -1267.63, 
119.138, -1273.69, 
163.286, -1264.25, 
207.383, -1271.19, 
255.798, -1276.88, 
303.021, -1282.18, 
351.651, -1287.08, 
402.234, -1299.16, 
455.112, -1304.38, 
973.037, -1923.94, 
1251.03, -1948.45, 
1343.18, -1939.57, 
1458.53, -1957.65, 
1560.02, -1948.1, 
1689.78, -1969.76, 
1827.04, -1986.24, 
591.196, -574.348, 
589.396, -531.277, 
606.638, -510.724, 
634.945, -499.709, 
673.715, -491.169, 
731.119, -497.801, 
767.181, -485.226, 
817.1, -477.714, 
0, 0, 
4191.87, -2002.23, 
4157.26, -1807.63, 
4055.43, -1596.2, 
4052.57, -1433.85, 
0, 0, 0
1617.76, -256.681, 
1448.41, -175.438, 
333.43, -6.82063, 
325.487, 2.92925, 
325.572, 16.7064, 
0, 0, 
4475.2, 2018.87, 
4360.68, 2151.93, 
4121.58, 2217.5, 
4344.83, 2739.73, 
1776.2, 1232.19, 
1708.27, 1275.63, 
1637.37, 1314.13, 
1599.78, 1376.94, 
1555.61, 1439.57, 
1527.08, 1513.81, 
2786.72, 3888.86, 
2928.95, 5121.36, 
1246.52, 3912.48, 
1702.65, 8097.17, 
1416.8, 8138.85, 
1088.08, 7995.05, 
817.011, 8091.61, 
527.672, 8050.73, 
115.069, 4176.67, 
-324.139, 8249.88, 
-614.804, 8273.19, 
-1154.38, 3904.94, 
-1300.42, 3900.69, 
-2614.49, 5276.25, 
-2867.6, 5309.05, 
-2852.54, 4866.9, 
-2664.1, 3885.37, 
-1467.76, 1698.73, 
-1548.63, 1674.38, 
-341.533, 291.858, 
-0, 0, 
-3064.49, 2182.1, 
-3051.09, 2014.69, 
-3041.91, 1859.52, 
-2435.67, 1368.41, 
-2454.65, 1266.77, 
-2474.28, 1163.65, 
-2487.64, 1065.56, 
-2494.88, 967.073, 
-2502.32, 870.786, 
-2504.88, 774.043, 
-3173.66, 746.385, 
-3168.28, 628.414, 
-3177.95, 514.004, 
-3176.59, 400.593, 
-3171.71, 287.95, 
-3199.14, 176.409, 
-3207.16, 73.4807, 
-369.54, -40.4713, 
-368.993, -54.5292, 
-370.78, -65.3785, 
-365.061, -78.9497, 
0, -0, 
-3255.75, -1098.25, 
-3103.79, -1300.53, 
-3291.63, -1513.11, 
-2932.21, -1607.63, 
-2628.92, -1564.05, 
-2550.19, -1642.3, 
-1979.07, -1834.44, 
-892.423, -1041.44, 
-835.546, -1046.32, 
-778.144, -1049.8, 
-725.85, -1056.12, 
-676.501, -1060.62, 
-625.033, -1061.1, 
-575.607, -1062.9, 
-528.899, -1065.17, 
-530.093, -1161.5, 
-518.271, -1247.37, 
-457.6, -1221.87, 
-408.574, -1217.79, 
-369.884, -1240.01, 
-358.045, -1361.46, 
-295.517, -1312.65, 
-242.582, -1291.16, 
-193.03, -1265.61, 
-154.573, -1315.2, 
-109.916, -1345.02, 
-13.4671, -1266.18, 
28.721, -1268.67, 
73.0084, -1267.4, 
120.527, -1273.56, 
163.975, -1264.16, 
208.81, -1271.21, 
255.101, -1277.02, 
303.021, -1282.18, 
350.949, -1287.27, 
403.371, -1299.07, 
455.359, -1305.09, 
973.335, -1923.23, 
1251.95, -1946.37, 
1343.14, -1938.38, 
1460.28, -1956.66, 
1560.4, -1947.48, 
1689.88, -1967.7, 
1826.97, -1982.91, 
592.158, -573.716, 
589.106, -531.598, 
606.83, -510.885, 
635.005, -500.036, 
674.319, -490.765, 
731.797, -496.804, 
768.237, -483.551, 
817.576, -477.394, 
0, 0, 
4190.12, -1997.18, 
4087.87, -1773.48, 
4072.82, -1600.48, 
4050.76, -1430.72, 
0, 0, 0
1616.74, -255.162, 
1478.35, -179.881, 
333.439, -6.36597, 
325.488, 2.84049, 
325.629, 15.5521, 
0, 0, 
4492.22, 2030.97, 
4394.18, 2174.42, 
4122.85, 2222.53, 
4661.07, 2721.66, 
4399.44, 2779.2, 
1773.88, 1232.02, 
1707.93, 1276.09, 
1637.59, 1315.04, 
1597.33, 1378.63, 
1556.92, 1439.99, 
1525.54, 1513.94, 
2785.14, 3893.38, 
2947.69, 5163.92, 
1253.38, 3945.19, 
1692.64, 8093.4, 
1407.49, 8137.93, 
1084.79, 8003.57, 
810.989, 8098.24, 
518.52, 8045.56, 
111.605, 4175.01, 
-333.289, 8253.27, 
-623.716, 8271.02, 
-1811.85, 8290.32, 
-1156.86, 3901.6, 
-1294.5, 3872.36, 
-2617.14, 5270.75, 
-2871.68, 5309.69, 
-2856.52, 4864.56, 
-2666.5, 3879.78, 
-1468.72, 1698.9, 
-1552.27, 1673.74, 
-350.112, 298.364, 
-0, 0, 
-3066.68, 2179.88, 
-3050.58, 2009.58, 
-3045.21, 1856.98, 
-2436.23, 1364.35, 
-2457.14, 1264.66, 
-2475.55, 1160.95, 
-2490.29, 1065.09, 
-2494.5, 964.58, 
-2502.79, 866.364, 
-2504.98, 770.333, 
-3187.66, 746.925, 
-3168.96, 624.957, 
-3179.71, 512.51, 
-3177.17, 398.025, 
-3169.36, 283.38, 
-3222.15, 176.797, 
-3206.51, 69.0914, 
-369.395, -41.7811, 
-369.313, -52.3145, 
-370.78, -65.3785, 
-362.394, -78.2696, 
-352.671, -115.974, 
-3268.01, -981.615, 
-3255.2, -1103.01, 
-3128.54, -1313.91, 
-3292.25, -1517.75, 
-2930.9, -1610.03, 
-2606.61, -1556.55, 
-2547.94, -1645.78, 
-1974.92, -1835.61, 
-891.327, -1043.03, 
-834.119, -1047.46, 
-776.701, -1050.25, 
-725.562, -1056.32, 
-674.095, -1060.67, 
-623.876, -1061.78, 
-574.038, -1063.46, 
-528.608, -1065.31, 
-528.929, -1162.31, 
-517.686, -1247.88, 
-455.933, -1222.5, 
-408.148, -1218.72, 
-368.264, -1240.75, 
-355.382, -1361.9, 
-293.811, -1311.75, 
-242.137, -1290.73, 
-189.886, -1265.84, 
-151.789, -1316.28, 
-109.549, -1345.05, 
-12.4263, -1265.69, 
31.1367, -1268.37, 
75.0821, -1267.28, 
121.222, -1273.49, 
165.107, -1264.77, 
210.707, -1271.92, 
256.691, -1277.72, 
305.526, -1281.84, 
353.823, -1286.74, 
404.639, -1298.15, 
457.055, -1304.23, 
550.832, -1419.9, 
977.387, -1923.41, 
1344.41, -1932.33, 
1462.48, -1956.27, 
1569.03, -1954.98, 
1692.77, -1964.56, 
1828.6, -1981.41, 
592.603, -572.895, 
589.541, -531.116, 
608.048, -510.213, 
635.686, -499.17, 
674.922, -490.36, 
733.014, -495.006, 
768.976, -482.845, 
818.138, -477.423, 
0, 0, 
4170.71, -1980.96, 
4090.93, -1770.83, 
4038.68, -1580.71, 
3989.74, -1403.05, 
0, 0, 0
1617.02, -253.399, 
333.371, -9.2755, 
325.228, 3.81393, 
325.436, 14.2978, 
0, 0, 
4490, 2035.87, 
4429.13, 2196.23, 
4119.1, 2226.32, 
4691.54, 2746.32, 
4429.14, 2804.73, 
1764.74, 1228.52, 
1705.23, 1278.44, 
1624.96, 1310.01, 
1594.7, 1380.91, 
1548.33, 1436.76, 
1523.53, 1517.73, 
2792.16, 3914.47, 
2941.21, 5172.21, 
1247.02, 3943.79, 
1680.74, 8091.54, 
1398.32, 8137.74, 
1070.24, 7994.43, 
798.472, 8107.02, 
512.541, 8055.46, 
106.436, 4151.14, 
-344.459, 8250.81, 
-633.921, 8256.2, 
-1163.39, 3900.18, 
-1307.79, 3887.41, 
-2612.04, 5238.95, 
-2882.52, 5308.93, 
-2861.25, 4857.43, 
-2673.06, 3877.99, 
-1461.21, 1685.56, 
-1561.08, 1679.55, 
-350.6, 297.791, 
-0, 0, 
-3068.41, 2173.56, 
-3054.15, 2005.96, 
-3049.53, 1852.78, 
-2437.71, 1361.69, 
-2462.77, 1262.47, 
-2477.21, 1156.79, 
-2490.36, 1061.11, 
-2496.34, 959.817, 
-2503.26, 862.706, 
-2506.71, 766.379, 
-3185.96, 741.029, 
-3169.49, 619.675, 
-3180.19, 506.36, 
-3179.05, 392.979, 
-3168.49, 278.949, 
-3209.75, 169.972, 
-3206.11, 63.8347, 
-369.36, -42.0833, 
-368.812, -55.7365, 
-370.673, -65.9851, 
-360.144, -80.3574, 
-349.707, -117.753, 
-3266.4, -986.961, 
-3253.93, -1107.53, 
-3108.51, -1181.59, 
-3129.38, -1320.29, 
-3290.17, -1522.23, 
-2925.63, -1614.41, 
-2605.13, -1559.52, 
-2543.84, -1647.06, 
-1958.98, -1827.78, 
-890.556, -1042.71, 
-831.39, -1049.31, 
-774.516, -1049.69, 
-722.973, -1057.48, 
-671.823, -1060.92, 
-620.6, -1062.83, 
-571.888, -1064.34, 
-529.19, -1070.88, 
-529.062, -1170.21, 
-512.609, -1246.19, 
-455.02, -1223.1, 
-406.312, -1219.86, 
-365.894, -1241.45, 
-353.896, -1362.28, 
-292.065, -1315.72, 
-238.435, -1290.41, 
-189.43, -1265.15, 
-151.545, -1317.31, 
-107.021, -1345.75, 
-56.4326, -1292.52, 
-11.4403, -1271.2, 
32.5138, -1268.08, 
77.4706, -1266.63, 
123.329, -1273.54, 
167.619, -1265.19, 
212.953, -1272.55, 
260.175, -1277.02, 
307.681, -1281.58, 
355.995, -1286.4, 
407.899, -1297.39, 
459.189, -1303.48, 
621.222, -1441.6, 
980.349, -1922.75, 
1250.99, -1932.12, 
1356.67, -1945.42, 
1466.51, -1953.87, 
1571.98, -1951, 
1705.21, -1974.63, 
1833.9, -1979.57, 
592.064, -572.374, 
589.789, -530.466, 
610.258, -509.52, 
637.785, -496.893, 
675.663, -490.616, 
733.419, -494.406, 
769.188, -482.978, 
822.808, -478.345, 
0, 0, 
4171.06, -1975.55, 
4178.74, -1802.08, 
4120.52, -1607.56, 
4063.46, -1424, 
0, 0, 0
1617.36, -251.194, 
333.395, -8.36634, 
323.446, 5.91047, 
0, 0, 
4455.72, 2029.12, 
4403.15, 2192.33, 
4093.7, 2221.25, 
4405.69, 2798.3, 
1749.35, 1223.49, 
1703.69, 1280.91, 
1623.72, 1311.94, 
1580.54, 1370.92, 
1556.28, 1447.3, 
1523.18, 1519.86, 
2785.81, 3916.85, 
2975.41, 5245.66, 
2743.66, 7687.84, 
1245.24, 3956.94, 
1669.05, 8090.64, 
1384.79, 8138.78, 
1057.28, 7997.16, 
788.974, 8101.17, 
498.787, 8047.06, 
100.183, 4173.8, 
-355.504, 8245.59, 
-644.613, 8248.1, 
-470.372, 4040.21, 
-1831.69, 8272.9, 
-1168, 3900.11, 
-1312.85, 3884.92, 
-2607.66, 5212.35, 
-2860.33, 5250.99, 
-2867.79, 4850.38, 
-2646.22, 3827.87, 
-1449.13, 1791.53, 
-1457.89, 1676.19, 
-1564.33, 1677.54, 
-351.034, 297.666, 
-0, 0, 
-3070.12, 2167.24, 
-3054.79, 2000.43, 
-3052.69, 1849, 
-2440.81, 1358.19, 
-2465.36, 1261.25, 
-2476.66, 1153.24, 
-2493.19, 1058.3, 
-2496.19, 957.416, 
-2503.26, 859.65, 
-2508.5, 763.936, 
-0, 0, 
-0, 0, 
-3168.69, 615.931, 
-3179.26, 502.656, 
-3180.97, 389.693, 
-3168.8, 275.492, 
-3223.62, 168.061, 
-3203.2, 59.4073, 
-380.489, -27.7536, 
-369.463, -41.1766, 
-369.007, -54.4286, 
-370.139, -68.9145, 
-359.635, -81.4803, 
-351.506, -118.679, 
-3264.36, -990.234, 
-3254.85, -1111.81, 
-3053.96, -1164.67, 
-3165.97, -1337.76, 
-3302.76, -1531.34, 
-2910.74, -1608.27, 
-2587.35, -1553.68, 
-2539.52, -1648.2, 
-2355.6, -1651.32, 
-1956.99, -1829.91, 
-888.402, -1044.21, 
-830.949, -1049.34, 
-772.511, -1051.16, 
-718.433, -1053.92, 
-670.131, -1060.81, 
-619.768, -1062.73, 
-572.232, -1063.58, 
-527.982, -1070.64, 
-527.26, -1170.47, 
-512.989, -1247.11, 
-453.251, -1222.43, 
-405.392, -1220.43, 
-366.359, -1240.53, 
-353.462, -1362.14, 
-291.706, -1315.8, 
-237.992, -1289.98, 
-186.597, -1265.06, 
-150.192, -1318.22, 
-105.959, -1346.34, 
-10.0516, -1270.96, 
35.2803, -1268.01, 
78.1614, -1266.59, 
125.09, -1273.62, 
168.375, -1265.6, 
214.688, -1272.26, 
260.921, -1277.12, 
309.255, -1281.98, 
357.532, -1286.49, 
408.402, -1297.75, 
459.877, -1304.3, 
981.512, -1922.44, 
1257.77, -1941.43, 
1358.26, -1944.31, 
1466.81, -1954.27, 
1572.35, -1950.38, 
1706.91, -1971.17, 
1842.26, -1987.5, 
592.771, -570.561, 
590.903, -528.85, 
610.119, -509.686, 
637.168, -498.09, 
681.526, -492.324, 
733.698, -494.886, 
770.269, -482.194, 
823.98, -476.324, 
0, 0, 
4175.56, -1970.71, 
4177.91, -1797.67, 
4094.81, -1593.67, 
0, 0, 0
1617.56, -249.87, 
333.194, -6.08861, 
323.727, 3.88463, 
0, 0, 
4399.12, 2194.82, 
4090.73, 2222.53, 
4401.37, 2802.29, 
1750.71, 1223.73, 
1704.59, 1283.04, 
1622.81, 1312.66, 
1579.42, 1372.21, 
1547.94, 1442.69, 
1523.05, 1521.39, 
2733.68, 7679.72, 
1245.07, 3960.14, 
1664.18, 8089.34, 
1382.4, 8138.17, 
1054.58, 7993.48, 
782.122, 8076.47, 
495.257, 8061.3, 
98.5575, 4201.59, 
-357.731, 8244.99, 
-648.053, 8234.29, 
-472.343, 4037.97, 
-1835.61, 8269.22, 
-1170.85, 3901.87, 
-2611.51, 5212.94, 
-2861.29, 5249.33, 
-2866.95, 4845.94, 
-2658.78, 3843.8, 
-1443.49, 1783.56, 
-1459.46, 1676.15, 
-1565.64, 1678.03, 
-350.004, 299.262, 
-0, 0, 
-3069.71, 2166.95, 
-3054.5, 1999.05, 
-3053.26, 1850.49, 
-2442.49, 1358.25, 
-2464.15, 1259.78, 
-2476.52, 1152.36, 
-2493.36, 1055.96, 
-2496.22, 956.646, 
-2503.02, 858.805, 
-2508.44, 762.422, 
-0, 0, 
-0, 0, 
-3169.6, 615.21, 
-3180, 502.774, 
-3182.67, 388.14, 
-3186.8, 276.182, 
-3223.17, 167.156, 
-3202.93, 60.2762, 
-380.372, -29.3098, 
-369.451, -41.2774, 
-368.843, -55.5353, 
-370.27, -68.2078, 
-359.678, -80.1504, 
-352.02, -117.144, 
-3263.65, -990.016, 
-3255.49, -1113.02, 
-3053.26, -1164.4, 
-3164.78, -1339.3, 
-3304.16, -1533.08, 
-2912.93, -1610.51, 
-2587.35, -1553.68, 
-2538.27, -1647.39, 
-2355.23, -1650.1, 
-1957.49, -1829.38, 
-888.607, -1042.73, 
-830.793, -1049.14, 
-772.362, -1050.96, 
-718.292, -1053.72, 
-670.732, -1059.84, 
-619.806, -1062.13, 
-570.953, -1063.99, 
-527.761, -1070.19, 
-527.899, -1170.19, 
-513.52, -1247.44, 
-453.077, -1221.96, 
-406.802, -1220.23, 
-365.612, -1240.49, 
-353.833, -1362.04, 
-291.348, -1315.88, 
-237.55, -1289.55, 
-186.869, -1264.52, 
-150.249, -1318.72, 
-107.447, -1346.47, 
-9.71075, -1271.71, 
34.5887, -1268.03, 
77.4401, -1266.13, 
124.072, -1273.97, 
168.408, -1265.85, 
212.953, -1272.55, 
260.971, -1277.36, 
308.323, -1282.71, 
356.195, -1287.12, 
407.844, -1298.45, 
460.209, -1305.24, 
620.042, -1442.1, 
981.512, -1922.44, 
1257.07, -1939.2, 
1357.73, -1944.68, 
1467.79, -1954.47, 
1573.2, -1950.34, 
1705.72, -1970.88, 
1841.58, -1986.77, 
592.255, -570.376, 
589.789, -530.466, 
609.145, -510.85, 
638.315, -497.026, 
680.921, -492.735, 
734.103, -494.285, 
770.087, -482.957, 
823.676, -477.348, 
0, 0, 
4175.3, -1974.77, 
4178.8, -1799.41, 
4125.64, -1609.56, 
4043.38, -1413.25, 
0, 0, 0
1617.43, -250.752, 
333.201, -5.72515, 
323.68, 6.70949, 
0, 0, 
4455.72, 2029.12, 
4405.1, 2191.8, 
4090.51, 2216.64, 
4401.47, 2795.62, 
1752.81, 1223.77, 
1705.34, 1282.88, 
1623.95, 1312.85, 
1590.55, 1380.36, 
1559.03, 1449.85, 
1524.24, 1520.92, 
2783.2, 3913.18, 
2964.99, 5223.97, 
1241.91, 3938.85, 
1672.65, 8085.81, 
1391.16, 8135.92, 
1065.34, 8007.69, 
787.052, 8058.66, 
504.222, 8063.5, 
104.181, 4197.21, 
-348.727, 8245.13, 
-638.664, 8229.76, 
-475.535, 4113.86, 
-1166.3, 3902.18, 
-1311.61, 3888.24, 
-2620.71, 5249.15, 
-2858.07, 5257.06, 
-2862.5, 4853.5, 
-2669.78, 3868.72, 
-1451.58, 1798.56, 
-1457.34, 1678.33, 
-1562.56, 1680.22, 
-350.004, 299.262, 
-0, 0, 
-3064.29, 2168.13, 
-3050.93, 2002.66, 
-3049.82, 1851.81, 
-2439.33, 1360.85, 
-2462.65, 1263.25, 
-2474.59, 1154.74, 
-2492.55, 1060.43, 
-2494.24, 959.009, 
-2503.73, 862.104, 
-2506.95, 766.452, 
-3172.81, 737.971, 
-3170.13, 621.596, 
-3177.72, 505.967, 
-3180.54, 393.163, 
-3165.68, 279.571, 
-3223.23, 170.685, 
-3204.1, 64.6686, 
-369.36, -42.0833, 
-369.46, -53.0549, 
-370.691, -65.8841, 
-359.895, -79.1692, 
-350.186, -116.322, 
-3264.75, -985.493, 
-3259.44, -1108.41, 
-3124.49, -1186.69, 
-3145.08, -1324.9, 
-3287.64, -1519.97, 
-2916, -1607.02, 
-2592.46, -1550.02, 
-2540.54, -1642.96, 
-1961.21, -1826.86, 
-888.891, -1042.48, 
-832.509, -1047.78, 
-774.081, -1049.7, 
-720.584, -1052.76, 
-671.486, -1058.47, 
-622.248, -1060.99, 
-573.972, -1062.65, 
-528.887, -1068.8, 
-528.074, -1163.8, 
-515.889, -1248.35, 
-453.902, -1221.12, 
-408.212, -1220.02, 
-367.783, -1240.37, 
-356.061, -1361.46, 
-292.466, -1310.77, 
-241.371, -1288.59, 
-190.698, -1264.2, 
-151.602, -1317.81, 
-108.896, -1346.1, 
-59.5156, -1298.14, 
-12.7639, -1264.94, 
31.8222, -1268.1, 
76.0589, -1266.22, 
120.922, -1274.02, 
164.988, -1266.55, 
210.482, -1272.71, 
257.089, -1277.9, 
306.223, -1283.22, 
354.088, -1287.7, 
405.719, -1299.12, 
457.361, -1306.25, 
550.328, -1420.9, 
978.478, -1924.26, 
1344.64, -1934.91, 
1462.6, -1958.66, 
1567.47, -1953.03, 
1699.2, -1974.19, 
1827.21, -1980.99, 
591.501, -571.518, 
589.934, -530.305, 
608.1, -510.539, 
636.821, -498.939, 
675.93, -490.248, 
733.365, -495.826, 
769.559, -483.797, 
821.724, -479.215, 
0, 0, 
4170.53, -1983.66, 
4088.84, -1771.25, 
4057.17, -1591.77, 
4002.97, -1411.39, 
0, 0, 0
1615.89, -254.125, 
333.158, -7.81495, 
325.233, 3.37047, 
325.416, 14.7415, 
0, 0, 
4463.75, 2018.1, 
4390.15, 2172.43, 
4112.89, 2215.72, 
4695.28, 2739.92, 
4374.41, 2761.71, 
1773.47, 1231.73, 
1710.23, 1279.27, 
1643.53, 1322.02, 
1596.19, 1376.13, 
1561.98, 1447.04, 
1528.2, 1516.58, 
2777.43, 3882.6, 
2942.52, 5151.61, 
1255.39, 3940.35, 
1694.44, 8079.99, 
1413.25, 8131.6, 
1084.82, 7987.42, 
812.55, 8069.44, 
524.891, 8041.89, 
115.117, 4178.41, 
-326.231, 8245.8, 
-614.996, 8245.35, 
-1154.17, 3904.22, 
-1298.13, 3893.81, 
-2607.06, 5261.25, 
-2845.98, 5269.02, 
-2860.5, 4880.49, 
-2679.37, 3907.63, 
-1451.71, 1683.86, 
-1549.43, 1674.33, 
-340.715, 293.579, 
-0, 0, 
-3059.21, 2179.6, 
-3046.58, 2012.91, 
-3032.09, 1853.52, 
-2434.65, 1368.7, 
-2455.1, 1267, 
-2471.15, 1163.82, 
-2488.15, 1068.19, 
-2490.88, 966.306, 
-2502.08, 871.469, 
-2504.22, 775.335, 
-3174.72, 748.46, 
-3169.16, 630.386, 
-3190.85, 518.77, 
-3178.36, 402.576, 
-3166.74, 290.112, 
-3188.06, 177.543, 
-3204.16, 73.4119, 
-369.573, -40.1689, 
-369.213, -53.0194, 
-370.318, -66.5473, 
-365.391, -78.604, 
0, -0, 
-3248.47, -1094.81, 
-3102.44, -1295.99, 
-3277.87, -1503.54, 
-2934.18, -1604.55, 
-2632.14, -1563.04, 
-2546.06, -1636.7, 
-2363.3, -1638.52, 
-1986.91, -1840.7, 
-893.268, -1038.41, 
-835.648, -1045.28, 
-779.3, -1049.57, 
-726.713, -1055.52, 
-678.466, -1061.14, 
-624.272, -1059.8, 
-577.055, -1062.11, 
-532.494, -1067.29, 
-530.618, -1161.81, 
-520.696, -1247.44, 
-460.286, -1227.01, 
-412.283, -1218.91, 
-371.359, -1238.78, 
-359.466, -1360.82, 
-295.05, -1308.91, 
-245.024, -1288.66, 
-194.566, -1264.11, 
-156.573, -1316.72, 
-111.77, -1345.11, 
-66.7642, -1366.62, 
-16.5518, -1264.39, 
29.3898, -1267.66, 
72.9509, -1266.4, 
117.771, -1274.07, 
162.915, -1266.82, 
207.544, -1272.18, 
254.802, -1277.33, 
302.608, -1283.56, 
349.456, -1288.71, 
403.519, -1299.54, 
454.181, -1306.3, 
548.958, -1421.96, 
972.889, -1926.25, 
1246.46, -1943.66, 
1341.69, -1939.69, 
1458.12, -1960.45, 
1555.25, -1946.48, 
1682.85, -1963.85, 
1821.33, -1984.37, 
593.19, -576.6, 
587.178, -533.355, 
607.316, -511.86, 
635.807, -499.826, 
673.785, -492.346, 
731.803, -497.683, 
767.893, -485.97, 
814.592, -478.038, 
0, 0, 
4192.03, -2006.52, 
4158.46, -1814.9, 
4075.08, -1609.07, 
4088.7, -1451.65, 
